{"x_stack":"integrity","x_integrity_layout_site":"full-width","x_integrity_sizing_site_max_width":"1200","x_integrity_sizing_site_width":"88","x_integrity_layout_content":"content-sidebar","x_integrity_sizing_content_width":"72","x_integrity_design":"light","x_integrity_topbar_transparency_enable":"0","x_integrity_navbar_transparency_enable":"0","x_integrity_footer_transparency_enable":"1","x_integrity_light_bg_color":"#f3f3f3","x_integrity_light_bg_image_pattern":"http:\/\/theme.co\/x\/demo\/integrity\/1\/wp-content\/uploads\/sites\/2\/2013\/06\/bg-integrity-1.png","x_integrity_light_bg_image_full":"","x_integrity_light_bg_image_full_fade":"750","x_integrity_dark_bg_color":"#1c1c1c","x_integrity_dark_bg_image_pattern":"","x_integrity_dark_bg_image_full":"","x_integrity_dark_bg_image_full_fade":"750","x_integrity_blog_header_enable":"1","x_integrity_blog_title":"Le Blog","x_integrity_blog_subtitle":"Welcome to our little corner of the Internet. Kick your feet up and stay a while.","x_integrity_portfolio_archive_sort_button_text":"Sort Portfolio","x_integrity_portfolio_archive_post_sharing_enable":"1","x_renew_layout_site":"full-width","x_renew_sizing_site_max_width":"1200","x_renew_sizing_site_width":"88","x_renew_layout_content":"content-sidebar","x_renew_sizing_content_width":"72","x_renew_topbar_background":"#1f2c39","x_renew_logobar_background":"#2c3e50","x_renew_navbar_background":"#2c3e50","x_renew_navbar_button_color":"#ffffff","x_renew_navbar_button_background":"#3e5771","x_renew_navbar_button_background_hover":"#476481","x_renew_footer_background":"#2c3e50","x_renew_bg_color":"#dddddd","x_renew_bg_image_pattern":"","x_renew_bg_image_full":"","x_renew_bg_image_full_fade":"750","x_renew_topbar_text_color":"#ffffff","x_renew_topbar_link_color_hover":"#959baf","x_renew_footer_text_color":"#ffffff","x_renew_blog_title":"The Blog","x_renew_entry_icon_color":"#ddd","x_renew_entry_icon_position":"creative","x_renew_entry_icon_position_horizontal":"13","x_renew_entry_icon_position_vertical":"25","x_icon_layout_site":"full-width","x_icon_sizing_site_max_width":"1200","x_icon_sizing_site_width":"88","x_icon_layout_content":"content-sidebar","x_icon_sidebar_width":"250","x_icon_bg_color":"#e5e5e5","x_icon_bg_image_pattern":"","x_icon_bg_image_full":"","x_icon_bg_image_full_fade":"750","x_icon_post_standard_colors_enable":"1","x_icon_post_standard_color":"#0e7d93","x_icon_post_standard_background":"#ff0f0f","x_icon_post_image_colors_enable":"0","x_icon_post_image_color":"#000","x_icon_post_image_background":"#ff4747","x_icon_post_gallery_colors_enable":"0","x_icon_post_gallery_color":"#000","x_icon_post_gallery_background":"#fff","x_icon_post_video_colors_enable":"0","x_icon_post_video_color":"#000","x_icon_post_video_background":"#fff","x_icon_post_audio_colors_enable":"0","x_icon_post_audio_color":"#000","x_icon_post_audio_background":"#fff","x_icon_post_quote_colors_enable":"0","x_icon_post_quote_color":"#000","x_icon_post_quote_background":"#fff","x_icon_post_link_colors_enable":"0","x_icon_post_link_color":"#000","x_icon_post_link_background":"#fff","x_ethos_layout_site":"full-width","x_ethos_sizing_site_max_width":"1200","x_ethos_sizing_site_width":"88","x_ethos_layout_content":"content-sidebar","x_ethos_sizing_content_width":"72","x_ethos_topbar_background":"#222222","x_ethos_navbar_background":"#333333","x_ethos_sidebar_widget_headings_color":"#333333","x_ethos_sidebar_color":"#333333","x_ethos_bg_color":"#e4e4e4","x_ethos_bg_image_pattern":"","x_ethos_bg_image_full":"","x_ethos_bg_image_full_fade":"750","x_ethos_post_carousel_enable":"0","x_ethos_post_carousel_count":"6","x_ethos_post_carousel_display":"most-commented","x_ethos_post_carousel_featured":"","x_ethos_post_carousel_display_count_extra_large":"5","x_ethos_post_carousel_display_count_large":"4","x_ethos_post_carousel_display_count_medium":"3","x_ethos_post_carousel_display_count_small":"2","x_ethos_post_carousel_display_count_extra_small":"1","x_ethos_post_slider_blog_enable":"0","x_ethos_post_slider_blog_height":"425","x_ethos_post_slider_blog_count":"5","x_ethos_post_slider_blog_display":"most-commented","x_ethos_post_slider_blog_featured":"","x_ethos_post_slider_archive_enable":"0","x_ethos_post_slider_archive_height":"425","x_ethos_post_slider_archive_count":"5","x_ethos_post_slider_archive_display":"most-commented","x_ethos_post_slider_archive_featured":"","x_ethos_navbar_desktop_link_side_padding":"20","x_ethos_filterable_index_enable":"0","x_ethos_filterable_index_categories":"","x_custom_fonts":"1","x_custom_font_subsets":"0","x_custom_font_subset_cyrillic":"0","x_custom_font_subset_greek":"0","x_custom_font_subset_vietnamese":"0","x_logo_font_family":"Lato","x_logo_font_color_enable":"0","x_logo_font_color":"#999","x_logo_font_size":"40","x_logo_font_weight":"300","x_logo_letter_spacing":"-3","x_logo_uppercase_enable":"1","x_navbar_font_family":"Lato","x_navbar_link_color":"#272727","x_navbar_link_color_hover":"#b7b7b7","x_navbar_font_size":"11","x_navbar_font_weight":"700","x_navbar_uppercase_enable":"1","x_headings_font_family":"Lato","x_headings_font_color_enable":"0","x_headings_font_color":"#b6d6a0","x_headings_font_weight":"300","x_headings_letter_spacing":"-1","x_headings_uppercase_enable":"0","x_headings_widget_icons_enable":"1","x_body_font_family":"Lato","x_body_font_color_enable":"1","x_body_font_color":"#848484","x_body_font_size":"15","x_content_font_size":"15","x_body_font_weight":"400","x_site_link_color":"#ff2a13","x_site_link_color_hover":"#c61300","x_button_style":"real","x_button_shape":"rounded","x_button_size":"regular","x_button_color":"#fff","x_button_background_color":"#ff2a13","x_button_border_color":"#ac1100","x_button_bottom_color":"#a71000","x_button_color_hover":"#fff","x_button_background_color_hover":"#ef2201","x_button_border_color_hover":"#600900","x_button_bottom_color_hover":"#a71000","x_navbar_positioning":"fixed-top","x_logo_navigation_layout":"inline","x_logobar_adjust_spacing_top":"15","x_logobar_adjust_spacing_bottom":"15","x_navbar_height":"90","x_navbar_width":"235","x_logo":"","x_logo_width":"","x_header_search_enable":"1","x_logo_adjust_navbar_top":"22","x_navbar_adjust_links_top":"37","x_logo_adjust_navbar_side":"30","x_navbar_adjust_links_side":"50","x_navbar_adjust_button":"19","x_navbar_adjust_button_size":"24","x_header_widget_areas":"2","x_widgetbar_button_background":"#000000","x_widgetbar_button_background_hover":"#666666","x_topbar_display":"0","x_topbar_content":"P: <a href=\"tel:5555555555\">555.555.5555<\/a> | E: <a href=\"mailto:yourname@yourdomain.com\">yourname@yourdomain.com<\/a>","x_breadcrumb_display":"1","x_footer_widget_areas":"3","x_footer_bottom_display":"1","x_footer_menu_display":"1","x_footer_social_display":"1","x_footer_content_display":"1","x_footer_content":"<p style=\"letter-spacing: 2px; text-transform: uppercase;\">Powered By The <a href=\"http:\/\/theme.co\/x\/\" title=\"X - The Ultimate WordPress Theme\">X Theme<\/a><\/p>","x_footer_scroll_top_display":"1","x_footer_scroll_top_position":"right","x_footer_scroll_top_display_unit":"25","x_blog_style":"masonry","x_blog_layout":"full-width","x_blog_masonry_columns":"3","x_archive_style":"standard","x_archive_layout":"sidebar","x_archive_masonry_columns":"2","x_blog_enable_post_meta":"0","x_blog_enable_full_post_content":"0","x_blog_excerpt_length":"60","x_custom_portfolio_slug":"portfolio-item","x_portfolio_enable_cropped_thumbs":"0","x_portfolio_enable_post_meta":"1","x_portfolio_tag_title":"Tags","x_portfolio_launch_project_title":"See It Live","x_portfolio_launch_project_button_text":"Launch Project","x_portfolio_share_project_title":"Share this Project","x_portfolio_enable_facebook_sharing":"1","x_portfolio_enable_twitter_sharing":"1","x_portfolio_enable_google_plus_sharing":"0","x_portfolio_enable_linkedin_sharing":"0","x_portfolio_enable_pinterest_sharing":"1","x_portfolio_enable_reddit_sharing":"0","x_portfolio_enable_email_sharing":"0","x_social_facebook":"#holder","x_social_twitter":"#holder","x_social_googleplus":"#holder","x_social_linkedin":"#holder","x_social_foursquare":"","x_social_youtube":"","x_social_vimeo":"","x_social_instagram":"","x_social_pinterest":"#holder","x_social_dribbble":"#holder","x_social_behance":"","x_social_tumblr":"","x_social_rss":"#holder","x_icon_favicon":"","x_icon_touch":"","x_icon_tile":"","x_icon_tile_bg_color":"#ffffff","x_custom_styles":"","x_custom_scripts":""}